transactionno,transactiondate,transactiontime,itemname,customername,paymentmethod,paymentrceipt,costprice(rm),sellingprice(rm),profit(rm)
T0001,01/03/2025,21:04,Chocojar(Blueberry),Zulkifli Abdullah,OnlineBanking,https://photos.app.goo.gl.com/T0096,6.5,8,1.5
T0002,01/03/2025,22:41,Chocojar(Strawberry),Hafiz Omar,Cash,N/A,6.5,8,1.5
T0003,01/03/2025,09:54,Chocojar(Matcha),Zulkifli Zainal,Cash,N/A,6.5,8,1.5
T0004,01/03/2025,16:51,Chocojar(Matcha),Hafiz Salleh,OnlineBanking,https://photos.app.goo.gl.com/T0182,6.5,8,1.5
T0005,01/03/2025,08:47,Chocojar(Vanilla),Aina Ismail,Cash,N/A,6.5,8,1.5
T0006,01/03/2025,10:06,Chocojar(Matcha),Nur Aziz,OnlineBanking,https://photos.app.goo.gl.com/T0235,6.5,8,1.5
T0007,01/03/2025,17:32,Chocojar(Blueberry),Ahmad Yusof,Cash,N/A,6.5,8,1.5
T0008,01/03/2025,16:05,Chocojar(Vanilla),Siti Yusof,OnlineBanking,https://photos.app.goo.gl.com/T0271,6.5,8,1.5
T0009,01/03/2025,16:56,Chocojar(Matcha),Nur Ismail,OnlineBanking,https://photos.app.goo.gl.com/T0274,6.5,8,1.5
T0010,01/03/2025,14:46,Chocojar(Vanilla),Ahmad Rahman,OnlineBanking,https://photos.app.goo.gl.com/T0291,6.5,8,1.5
T0011,01/03/2025,21:08,Chocojar(Blueberry),Zara Zainal,Cash,N/A,6.5,8,1.5
T0012,01/03/2025,21:02,Chocojar(Vanilla),Zulkifli Yusof,OnlineBanking,https://photos.app.goo.gl.com/T0304,6.5,8,1.5
T0013,01/03/2025,18:37,Chocojar(Chocolate),Ahmad Abdullah,OnlineBanking,https://photos.app.goo.gl.com/T0327,6.5,8,1.5
T0014,01/03/2025,13:56,Chocojar(Matcha),Zulkifli Abdullah,Cash,N/A,6.5,8,1.5
T0015,01/03/2025,22:18,Chocojar(Matcha),Faiz Yusof,OnlineBanking,https://photos.app.goo.gl.com/T0353,6.5,8,1.5
T0016,01/03/2025,16:09,Chocojar(Strawberry),Zulkifli Hassan,Cash,N/A,6.5,8,1.5
T0017,01/03/2025,18:07,Chocojar(Blueberry),Aina Omar,OnlineBanking,https://photos.app.goo.gl.com/T0545,6.5,8,1.5
T0018,01/03/2025,11:36,Chocojar(Strawberry),Faiz Salleh,Cash,N/A,6.5,8,1.5
T0019,01/03/2025,19:14,Chocojar(Chocolate),Siti Latif,Cash,N/A,6.5,8,1.5
T0020,01/03/2025,08:46,Chocojar(Strawberry),Zara Rahman,Cash,N/A,6.5,8,1.5
T0021,01/03/2025,18:52,Chocojar(Matcha),Liyana Salleh,OnlineBanking,https://photos.app.goo.gl.com/T0647,6.5,8,1.5
T0022,02/03/2025,09:40,Chocojar(Vanilla),Hafiz Ismail,OnlineBanking,https://photos.app.goo.gl.com/T0040,6.5,8,1.5
T0023,02/03/2025,08:01,Chocojar(Blueberry),Hafiz Aziz,OnlineBanking,https://photos.app.goo.gl.com/T0069,6.5,8,1.5
T0024,02/03/2025,10:32,Chocojar(Vanilla),Siti Hassan,OnlineBanking,https://photos.app.goo.gl.com/T0097,6.5,8,1.5
T0025,02/03/2025,15:52,Chocojar(Vanilla),Aina Yusof,Cash,N/A,6.5,8,1.5
T0026,02/03/2025,08:10,Chocojar(Blueberry),Faiz Yusof,OnlineBanking,https://photos.app.goo.gl.com/T0200,6.5,8,1.5
T0027,02/03/2025,16:02,Chocojar(Matcha),Siti Ismail,OnlineBanking,https://photos.app.goo.gl.com/T0202,6.5,8,1.5
T0028,02/03/2025,21:31,Chocojar(Chocolate),Zara Hassan,Cash,N/A,6.5,8,1.5
T0029,02/03/2025,09:23,Chocojar(Blueberry),Zulkifli Hassan,Cash,N/A,6.5,8,1.5
T0030,02/03/2025,22:29,Chocojar(Strawberry),Ali Ismail,OnlineBanking,https://photos.app.goo.gl.com/T0292,6.5,8,1.5
T0031,02/03/2025,17:23,Chocojar(Vanilla),Ali Salleh,Cash,N/A,6.5,8,1.5
T0032,02/03/2025,09:45,Chocojar(Chocolate),Ahmad Zainal,OnlineBanking,https://photos.app.goo.gl.com/T0398,6.5,8,1.5
T0033,02/03/2025,22:40,Chocojar(Strawberry),Ahmad Ismail,OnlineBanking,https://photos.app.goo.gl.com/T0410,6.5,8,1.5
T0034,02/03/2025,08:03,Chocojar(Matcha),Aina Hassan,OnlineBanking,https://photos.app.goo.gl.com/T0415,6.5,8,1.5
T0035,02/03/2025,16:25,Chocojar(Chocolate),Zulkifli Ismail,OnlineBanking,https://photos.app.goo.gl.com/T0421,6.5,8,1.5
T0036,02/03/2025,08:26,Chocojar(Strawberry),Hafiz Ismail,Cash,N/A,6.5,8,1.5
T0037,02/03/2025,14:13,Chocojar(Chocolate),Hafiz Omar,Cash,N/A,6.5,8,1.5
T0038,02/03/2025,09:38,Chocojar(Strawberry),Faiz Omar,OnlineBanking,https://photos.app.goo.gl.com/T0551,6.5,8,1.5
T0039,03/03/2025,21:06,Chocojar(Blueberry),Liyana Abdullah,OnlineBanking,https://photos.app.goo.gl.com/T0017,6.5,8,1.5
T0040,03/03/2025,14:38,Chocojar(Strawberry),Nur Ismail,OnlineBanking,https://photos.app.goo.gl.com/T0018,6.5,8,1.5
T0041,03/03/2025,17:12,Chocojar(Matcha),Nur Rahman,Cash,N/A,6.5,8,1.5
T0042,03/03/2025,17:57,Chocojar(Strawberry),Faiz Salleh,Cash,N/A,6.5,8,1.5
T0043,03/03/2025,08:23,Chocojar(Matcha),Zara Hassan,OnlineBanking,https://photos.app.goo.gl.com/T0109,6.5,8,1.5
T0044,03/03/2025,10:52,Chocojar(Chocolate),Zulkifli Latif,Cash,N/A,6.5,8,1.5
T0045,03/03/2025,11:31,Chocojar(Strawberry),Zulkifli Zainal,Cash,N/A,6.5,8,1.5
T0046,03/03/2025,09:51,Chocojar(Vanilla),Ali Ismail,Cash,N/A,6.5,8,1.5
T0047,03/03/2025,22:02,Chocojar(Chocolate),Ahmad Aziz,Cash,N/A,6.5,8,1.5
T0048,03/03/2025,09:44,Chocojar(Vanilla),Ali Ismail,OnlineBanking,https://photos.app.goo.gl.com/T0220,6.5,8,1.5
T0049,03/03/2025,22:52,Chocojar(Chocolate),Ahmad Hassan,OnlineBanking,https://photos.app.goo.gl.com/T0244,6.5,8,1.5
T0050,03/03/2025,10:24,Chocojar(Matcha),Ali Aziz,Cash,N/A,6.5,8,1.5
T0051,03/03/2025,18:51,Chocojar(Blueberry),Ahmad Abdullah,Cash,N/A,6.5,8,1.5
T0052,03/03/2025,09:42,Chocojar(Vanilla),Hafiz Abdullah,Cash,N/A,6.5,8,1.5
T0053,03/03/2025,14:58,Chocojar(Chocolate),Hafiz Latif,Cash,N/A,6.5,8,1.5
T0054,03/03/2025,17:39,Chocojar(Blueberry),Faiz Abdullah,Cash,N/A,6.5,8,1.5
T0055,03/03/2025,18:05,Chocojar(Blueberry),Faiz Yusof,OnlineBanking,https://photos.app.goo.gl.com/T0458,6.5,8,1.5
T0056,03/03/2025,10:48,Chocojar(Chocolate),Hafiz Zainal,OnlineBanking,https://photos.app.goo.gl.com/T0467,6.5,8,1.5
T0057,03/03/2025,14:47,Chocojar(Blueberry),Faiz Omar,OnlineBanking,https://photos.app.goo.gl.com/T0534,6.5,8,1.5
T0058,03/03/2025,08:26,Chocojar(Matcha),Ali Aziz,Cash,N/A,6.5,8,1.5
T0059,03/03/2025,11:31,Chocojar(Strawberry),Zara Salleh,OnlineBanking,https://photos.app.goo.gl.com/T0602,6.5,8,1.5
T0060,03/03/2025,11:28,Chocojar(Blueberry),Zara Ismail,Cash,N/A,6.5,8,1.5
T0061,03/03/2025,13:12,Chocojar(Vanilla),Nur Abdullah,Cash,N/A,6.5,8,1.5
T0062,03/03/2025,12:55,Chocojar(Chocolate),Nur Abdullah,OnlineBanking,https://photos.app.goo.gl.com/T0638,6.5,8,1.5
T0063,04/03/2025,22:50,Chocojar(Strawberry),Zulkifli Ismail,Cash,N/A,6.5,8,1.5
T0064,04/03/2025,18:24,Chocojar(Chocolate),Liyana Abdullah,Cash,N/A,6.5,8,1.5
T0065,04/03/2025,20:52,Chocojar(Strawberry),Nur Latif,OnlineBanking,https://photos.app.goo.gl.com/T0085,6.5,8,1.5
T0066,04/03/2025,12:04,Chocojar(Matcha),Siti Ismail,Cash,N/A,6.5,8,1.5
T0067,04/03/2025,16:00,Chocojar(Chocolate),Zara Omar,OnlineBanking,https://photos.app.goo.gl.com/T0122,6.5,8,1.5
T0068,04/03/2025,20:08,Chocojar(Blueberry),Ali Salleh,Cash,N/A,6.5,8,1.5
T0069,04/03/2025,11:34,Chocojar(Vanilla),Faiz Zainal,OnlineBanking,https://photos.app.goo.gl.com/T0204,6.5,8,1.5
T0070,04/03/2025,12:41,Chocojar(Blueberry),Zara Salleh,OnlineBanking,https://photos.app.goo.gl.com/T0227,6.5,8,1.5
T0071,04/03/2025,19:04,Chocojar(Chocolate),Ahmad Salleh,Cash,N/A,6.5,8,1.5
T0072,04/03/2025,13:28,Chocojar(Strawberry),Ahmad Hassan,OnlineBanking,https://photos.app.goo.gl.com/T0251,6.5,8,1.5
T0073,04/03/2025,16:00,Chocojar(Matcha),Siti Aziz,Cash,N/A,6.5,8,1.5
T0074,04/03/2025,15:09,Chocojar(Strawberry),Aina Latif,OnlineBanking,https://photos.app.goo.gl.com/T0381,6.5,8,1.5
T0075,04/03/2025,09:32,Chocojar(Strawberry),Zulkifli Salleh,OnlineBanking,https://photos.app.goo.gl.com/T0431,6.5,8,1.5
T0076,04/03/2025,12:17,Chocojar(Matcha),Siti Salleh,OnlineBanking,https://photos.app.goo.gl.com/T0452,6.5,8,1.5
T0077,04/03/2025,10:50,Chocojar(Matcha),Aina Rahman,Cash,N/A,6.5,8,1.5
T0078,04/03/2025,12:54,Chocojar(Chocolate),Liyana Latif,Cash,N/A,6.5,8,1.5
T0079,04/03/2025,15:41,Chocojar(Vanilla),Liyana Zainal,Cash,N/A,6.5,8,1.5
T0080,04/03/2025,19:04,Chocojar(Vanilla),Nur Latif,Cash,N/A,6.5,8,1.5
T0081,05/03/2025,22:21,Chocojar(Chocolate),Aina Hassan,Cash,N/A,6.5,8,1.5
T0082,05/03/2025,11:40,Chocojar(Vanilla),Zulkifli Latif,Cash,N/A,6.5,8,1.5
T0083,05/03/2025,15:56,Chocojar(Chocolate),Zara Yusof,Cash,N/A,6.5,8,1.5
T0084,05/03/2025,10:07,Chocojar(Matcha),Liyana Omar,OnlineBanking,https://photos.app.goo.gl.com/T0074,6.5,8,1.5
T0085,05/03/2025,21:33,Chocojar(Strawberry),Hafiz Hassan,OnlineBanking,https://photos.app.goo.gl.com/T0075,6.5,8,1.5
T0086,05/03/2025,19:01,Chocojar(Strawberry),Zulkifli Aziz,Cash,N/A,6.5,8,1.5
T0087,05/03/2025,22:02,Chocojar(Vanilla),Zulkifli Ismail,Cash,N/A,6.5,8,1.5
T0088,05/03/2025,20:07,Chocojar(Blueberry),Faiz Salleh,Cash,N/A,6.5,8,1.5
T0089,05/03/2025,22:09,Chocojar(Vanilla),Zulkifli Salleh,OnlineBanking,https://photos.app.goo.gl.com/T0175,6.5,8,1.5
T0090,05/03/2025,15:59,Chocojar(Vanilla),Ali Aziz,Cash,N/A,6.5,8,1.5
T0091,05/03/2025,08:24,Chocojar(Strawberry),Siti Yusof,Cash,N/A,6.5,8,1.5
T0092,05/03/2025,22:17,Chocojar(Strawberry),Ahmad Aziz,Cash,N/A,6.5,8,1.5
T0093,05/03/2025,10:48,Chocojar(Matcha),Zara Latif,Cash,N/A,6.5,8,1.5
T0094,05/03/2025,21:02,Chocojar(Strawberry),Siti Yusof,Cash,N/A,6.5,8,1.5
T0095,05/03/2025,17:51,Chocojar(Matcha),Siti Ismail,OnlineBanking,https://photos.app.goo.gl.com/T0588,6.5,8,1.5
T0096,05/03/2025,21:17,Chocojar(Matcha),Hafiz Zainal,OnlineBanking,https://photos.app.goo.gl.com/T0597,6.5,8,1.5
T0097,05/03/2025,12:31,Chocojar(Matcha),Siti Rahman,Cash,N/A,6.5,8,1.5
T0098,06/03/2025,14:12,Chocojar(Blueberry),Ali Omar,OnlineBanking,https://photos.app.goo.gl.com/T0065,6.5,8,1.5
T0099,06/03/2025,16:12,Chocojar(Vanilla),Aina Salleh,Cash,N/A,6.5,8,1.5
T0100,06/03/2025,12:06,Chocojar(Strawberry),Nur Hassan,Cash,N/A,6.5,8,1.5
T0101,06/03/2025,15:05,Chocojar(Chocolate),Aina Hassan,OnlineBanking,https://photos.app.goo.gl.com/T0087,6.5,8,1.5
T0102,06/03/2025,17:12,Chocojar(Chocolate),Ahmad Yusof,Cash,N/A,6.5,8,1.5
T0103,06/03/2025,15:09,Chocojar(Vanilla),Hafiz Ismail,OnlineBanking,https://photos.app.goo.gl.com/T0139,6.5,8,1.5
T0104,06/03/2025,08:53,Chocojar(Blueberry),Ahmad Rahman,Cash,N/A,6.5,8,1.5
T0105,06/03/2025,17:19,Chocojar(Strawberry),Ahmad Hassan,Cash,N/A,6.5,8,1.5
T0106,06/03/2025,18:33,Chocojar(Vanilla),Ali Abdullah,OnlineBanking,https://photos.app.goo.gl.com/T0226,6.5,8,1.5
T0107,06/03/2025,14:14,Chocojar(Chocolate),Ali Zainal,OnlineBanking,https://photos.app.goo.gl.com/T0242,6.5,8,1.5
T0108,06/03/2025,18:46,Chocojar(Vanilla),Ahmad Aziz,OnlineBanking,https://photos.app.goo.gl.com/T0258,6.5,8,1.5
T0109,06/03/2025,18:01,Chocojar(Strawberry),Aina Rahman,Cash,N/A,6.5,8,1.5
T0110,06/03/2025,13:41,Chocojar(Matcha),Zulkifli Yusof,Cash,N/A,6.5,8,1.5
T0111,06/03/2025,17:06,Chocojar(Matcha),Zara Ismail,OnlineBanking,https://photos.app.goo.gl.com/T0335,6.5,8,1.5
T0112,06/03/2025,22:00,Chocojar(Chocolate),Zulkifli Abdullah,Cash,N/A,6.5,8,1.5
T0113,06/03/2025,08:23,Chocojar(Chocolate),Aina Yusof,Cash,N/A,6.5,8,1.5
T0114,06/03/2025,15:05,Chocojar(Vanilla),Siti Rahman,Cash,N/A,6.5,8,1.5
T0115,06/03/2025,17:14,Chocojar(Matcha),Siti Rahman,Cash,N/A,6.5,8,1.5
T0116,06/03/2025,16:15,Chocojar(Strawberry),Zulkifli Latif,Cash,N/A,6.5,8,1.5
T0117,06/03/2025,19:50,Chocojar(Vanilla),Nur Yusof,OnlineBanking,https://photos.app.goo.gl.com/T0594,6.5,8,1.5
T0118,06/03/2025,21:17,Chocojar(Chocolate),Zulkifli Ismail,Cash,N/A,6.5,8,1.5
T0119,07/03/2025,15:11,Chocojar(Chocolate),Hafiz Salleh,Cash,N/A,6.5,8,1.5
T0120,07/03/2025,15:11,Chocojar(Strawberry),Hafiz Hassan,Cash,N/A,6.5,8,1.5
T0121,07/03/2025,09:31,Chocojar(Strawberry),Zara Abdullah,Cash,N/A,6.5,8,1.5
T0122,07/03/2025,14:14,Chocojar(Matcha),Zulkifli Abdullah,OnlineBanking,https://photos.app.goo.gl.com/T0188,6.5,8,1.5
T0123,07/03/2025,10:44,Chocojar(Chocolate),Aina Hassan,OnlineBanking,https://photos.app.goo.gl.com/T0268,6.5,8,1.5
T0124,07/03/2025,22:04,Chocojar(Matcha),Zulkifli Abdullah,OnlineBanking,https://photos.app.goo.gl.com/T0307,6.5,8,1.5
T0125,07/03/2025,10:52,Chocojar(Matcha),Aina Abdullah,Cash,N/A,6.5,8,1.5
T0126,07/03/2025,16:45,Chocojar(Blueberry),Faiz Latif,Cash,N/A,6.5,8,1.5
T0127,07/03/2025,18:48,Chocojar(Vanilla),Ali Omar,OnlineBanking,https://photos.app.goo.gl.com/T0387,6.5,8,1.5
T0128,07/03/2025,22:05,Chocojar(Blueberry),Liyana Yusof,OnlineBanking,https://photos.app.goo.gl.com/T0391,6.5,8,1.5
T0129,07/03/2025,16:00,Chocojar(Vanilla),Hafiz Latif,OnlineBanking,https://photos.app.goo.gl.com/T0402,6.5,8,1.5
T0130,07/03/2025,08:22,Chocojar(Strawberry),Faiz Omar,OnlineBanking,https://photos.app.goo.gl.com/T0423,6.5,8,1.5
T0131,07/03/2025,21:42,Chocojar(Chocolate),Aina Ismail,OnlineBanking,https://photos.app.goo.gl.com/T0436,6.5,8,1.5
T0132,07/03/2025,09:56,Chocojar(Chocolate),Faiz Salleh,OnlineBanking,https://photos.app.goo.gl.com/T0486,6.5,8,1.5
T0133,07/03/2025,14:22,Chocojar(Blueberry),Siti Latif,Cash,N/A,6.5,8,1.5
T0134,07/03/2025,13:13,Chocojar(Vanilla),Zulkifli Ismail,OnlineBanking,https://photos.app.goo.gl.com/T0507,6.5,8,1.5
T0135,07/03/2025,09:12,Chocojar(Blueberry),Ali Aziz,Cash,N/A,6.5,8,1.5
T0136,07/03/2025,22:21,Chocojar(Strawberry),Zulkifli Abdullah,Cash,N/A,6.5,8,1.5
T0137,07/03/2025,19:33,Chocojar(Strawberry),Faiz Latif,OnlineBanking,https://photos.app.goo.gl.com/T0616,6.5,8,1.5
T0138,07/03/2025,17:34,Chocojar(Blueberry),Liyana Aziz,Cash,N/A,6.5,8,1.5
T0139,07/03/2025,22:32,Chocojar(Blueberry),Aina Zainal,OnlineBanking,https://photos.app.goo.gl.com/T0630,6.5,8,1.5
T0140,07/03/2025,11:24,Chocojar(Blueberry),Faiz Omar,OnlineBanking,https://photos.app.goo.gl.com/T0649,6.5,8,1.5
T0141,07/03/2025,18:05,Chocojar(Chocolate),Liyana Abdullah,Cash,N/A,6.5,8,1.5
T0142,08/03/2025,16:21,Chocojar(Blueberry),Hafiz Omar,OnlineBanking,https://photos.app.goo.gl.com/T0035,6.5,8,1.5
T0143,08/03/2025,20:02,Chocojar(Chocolate),Ahmad Aziz,OnlineBanking,https://photos.app.goo.gl.com/T0038,6.5,8,1.5
T0144,08/03/2025,14:37,Chocojar(Vanilla),Nur Rahman,OnlineBanking,https://photos.app.goo.gl.com/T0110,6.5,8,1.5
T0145,08/03/2025,20:54,Chocojar(Vanilla),Zara Salleh,OnlineBanking,https://photos.app.goo.gl.com/T0127,6.5,8,1.5
T0146,08/03/2025,15:51,Chocojar(Blueberry),Zulkifli Aziz,OnlineBanking,https://photos.app.goo.gl.com/T0161,6.5,8,1.5
T0147,08/03/2025,16:29,Chocojar(Vanilla),Hafiz Abdullah,Cash,N/A,6.5,8,1.5
T0148,08/03/2025,17:40,Chocojar(Matcha),Hafiz Hassan,OnlineBanking,https://photos.app.goo.gl.com/T0229,6.5,8,1.5
T0149,08/03/2025,14:39,Chocojar(Blueberry),Zulkifli Abdullah,OnlineBanking,https://photos.app.goo.gl.com/T0259,6.5,8,1.5
T0150,08/03/2025,12:45,Chocojar(Chocolate),Aina Zainal,Cash,N/A,6.5,8,1.5
T0151,08/03/2025,14:37,Chocojar(Chocolate),Siti Zainal,OnlineBanking,https://photos.app.goo.gl.com/T0319,6.5,8,1.5
T0152,08/03/2025,16:56,Chocojar(Vanilla),Siti Hassan,Cash,N/A,6.5,8,1.5
T0153,08/03/2025,20:33,Chocojar(Strawberry),Hafiz Aziz,Cash,N/A,6.5,8,1.5
T0154,08/03/2025,16:06,Chocojar(Vanilla),Ahmad Abdullah,Cash,N/A,6.5,8,1.5
T0155,08/03/2025,13:05,Chocojar(Chocolate),Siti Salleh,OnlineBanking,https://photos.app.goo.gl.com/T0457,6.5,8,1.5
T0156,08/03/2025,10:10,Chocojar(Strawberry),Ali Aziz,Cash,N/A,6.5,8,1.5
T0157,08/03/2025,21:34,Chocojar(Strawberry),Siti Latif,Cash,N/A,6.5,8,1.5
T0158,08/03/2025,18:53,Chocojar(Vanilla),Zulkifli Zainal,Cash,N/A,6.5,8,1.5
T0159,08/03/2025,22:56,Chocojar(Chocolate),Siti Ismail,Cash,N/A,6.5,8,1.5
T0160,08/03/2025,18:04,Chocojar(Blueberry),Siti Rahman,Cash,N/A,6.5,8,1.5
T0161,08/03/2025,14:12,Chocojar(Matcha),Hafiz Hassan,Cash,N/A,6.5,8,1.5
T0162,08/03/2025,12:36,Chocojar(Chocolate),Aina Ismail,OnlineBanking,https://photos.app.goo.gl.com/T0633,6.5,8,1.5
T0163,08/03/2025,22:36,Chocojar(Vanilla),Zara Hassan,OnlineBanking,https://photos.app.goo.gl.com/T0639,6.5,8,1.5
T0164,09/03/2025,19:47,Chocojar(Chocolate),Aina Zainal,Cash,N/A,6.5,8,1.5
T0165,09/03/2025,11:39,Chocojar(Matcha),Zulkifli Salleh,Cash,N/A,6.5,8,1.5
T0166,09/03/2025,16:16,Chocojar(Blueberry),Zara Zainal,Cash,N/A,6.5,8,1.5
T0167,09/03/2025,10:24,Chocojar(Matcha),Hafiz Ismail,Cash,N/A,6.5,8,1.5
T0168,09/03/2025,19:37,Chocojar(Blueberry),Ahmad Ismail,OnlineBanking,https://photos.app.goo.gl.com/T0144,6.5,8,1.5
T0169,09/03/2025,17:29,Chocojar(Matcha),Aina Ismail,Cash,N/A,6.5,8,1.5
T0170,09/03/2025,12:17,Chocojar(Chocolate),Faiz Hassan,Cash,N/A,6.5,8,1.5
T0171,09/03/2025,17:50,Chocojar(Strawberry),Ahmad Hassan,Cash,N/A,6.5,8,1.5
T0172,09/03/2025,19:52,Chocojar(Chocolate),Zara Zainal,OnlineBanking,https://photos.app.goo.gl.com/T0203,6.5,8,1.5
T0173,09/03/2025,08:07,Chocojar(Blueberry),Ali Hassan,OnlineBanking,https://photos.app.goo.gl.com/T0212,6.5,8,1.5
T0174,09/03/2025,14:35,Chocojar(Blueberry),Siti Rahman,OnlineBanking,https://photos.app.goo.gl.com/T0245,6.5,8,1.5
T0175,09/03/2025,12:53,Chocojar(Vanilla),Zara Ismail,OnlineBanking,https://photos.app.goo.gl.com/T0297,6.5,8,1.5
T0176,09/03/2025,09:06,Chocojar(Strawberry),Zara Zainal,OnlineBanking,https://photos.app.goo.gl.com/T0329,6.5,8,1.5
T0177,09/03/2025,21:40,Chocojar(Vanilla),Zulkifli Abdullah,Cash,N/A,6.5,8,1.5
T0178,09/03/2025,11:24,Chocojar(Blueberry),Siti Latif,OnlineBanking,https://photos.app.goo.gl.com/T0380,6.5,8,1.5
T0179,09/03/2025,11:48,Chocojar(Chocolate),Hafiz Hassan,Cash,N/A,6.5,8,1.5
T0180,09/03/2025,12:34,Chocojar(Vanilla),Zulkifli Latif,Cash,N/A,6.5,8,1.5
T0181,09/03/2025,13:28,Chocojar(Chocolate),Siti Yusof,Cash,N/A,6.5,8,1.5
T0182,09/03/2025,10:25,Chocojar(Vanilla),Nur Salleh,Cash,N/A,6.5,8,1.5
T0183,09/03/2025,08:59,Chocojar(Strawberry),Ali Omar,OnlineBanking,https://photos.app.goo.gl.com/T0462,6.5,8,1.5
T0184,09/03/2025,09:00,Chocojar(Strawberry),Zara Salleh,Cash,N/A,6.5,8,1.5
T0185,09/03/2025,10:53,Chocojar(Chocolate),Zulkifli Rahman,OnlineBanking,https://photos.app.goo.gl.com/T0515,6.5,8,1.5
T0186,09/03/2025,20:10,Chocojar(Vanilla),Ahmad Ismail,Cash,N/A,6.5,8,1.5
T0187,09/03/2025,20:04,Chocojar(Blueberry),Siti Rahman,Cash,N/A,6.5,8,1.5
T0188,09/03/2025,08:46,Chocojar(Matcha),Faiz Hassan,OnlineBanking,https://photos.app.goo.gl.com/T0593,6.5,8,1.5
T0189,09/03/2025,21:22,Chocojar(Vanilla),Zulkifli Salleh,Cash,N/A,6.5,8,1.5
T0190,10/03/2025,16:08,Chocojar(Vanilla),Zulkifli Ismail,OnlineBanking,https://photos.app.goo.gl.com/T0021,6.5,8,1.5
T0191,10/03/2025,18:18,Chocojar(Chocolate),Zara Hassan,Cash,N/A,6.5,8,1.5
T0192,10/03/2025,11:06,Chocojar(Strawberry),Ali Aziz,Cash,N/A,6.5,8,1.5
T0193,10/03/2025,11:07,Chocojar(Vanilla),Zara Aziz,Cash,N/A,6.5,8,1.5
T0194,10/03/2025,19:15,Chocojar(Blueberry),Siti Aziz,OnlineBanking,https://photos.app.goo.gl.com/T0160,6.5,8,1.5
T0195,10/03/2025,22:22,Chocojar(Chocolate),Siti Latif,Cash,N/A,6.5,8,1.5
T0196,10/03/2025,17:28,Chocojar(Chocolate),Zulkifli Hassan,OnlineBanking,https://photos.app.goo.gl.com/T0173,6.5,8,1.5
T0197,10/03/2025,12:44,Chocojar(Strawberry),Faiz Hassan,OnlineBanking,https://photos.app.goo.gl.com/T0199,6.5,8,1.5
T0198,10/03/2025,12:03,Chocojar(Strawberry),Ahmad Rahman,OnlineBanking,https://photos.app.goo.gl.com/T0230,6.5,8,1.5
T0199,10/03/2025,14:38,Chocojar(Blueberry),Ali Abdullah,OnlineBanking,https://photos.app.goo.gl.com/T0255,6.5,8,1.5
T0200,10/03/2025,09:25,Chocojar(Matcha),Zulkifli Yusof,Cash,N/A,6.5,8,1.5
T0201,10/03/2025,16:16,Chocojar(Blueberry),Faiz Hassan,OnlineBanking,https://photos.app.goo.gl.com/T0338,6.5,8,1.5
T0202,10/03/2025,11:49,Chocojar(Strawberry),Aina Aziz,OnlineBanking,https://photos.app.goo.gl.com/T0355,6.5,8,1.5
T0203,10/03/2025,08:11,Chocojar(Strawberry),Faiz Omar,OnlineBanking,https://photos.app.goo.gl.com/T0392,6.5,8,1.5
T0204,10/03/2025,10:27,Chocojar(Blueberry),Siti Hassan,OnlineBanking,https://photos.app.goo.gl.com/T0446,6.5,8,1.5
T0205,10/03/2025,17:13,Chocojar(Matcha),Hafiz Rahman,OnlineBanking,https://photos.app.goo.gl.com/T0503,6.5,8,1.5
T0206,10/03/2025,14:33,Chocojar(Matcha),Siti Hassan,OnlineBanking,https://photos.app.goo.gl.com/T0528,6.5,8,1.5
T0207,10/03/2025,13:48,Chocojar(Matcha),Liyana Salleh,OnlineBanking,https://photos.app.goo.gl.com/T0598,6.5,8,1.5
T0208,10/03/2025,13:32,Chocojar(Matcha),Ahmad Ismail,OnlineBanking,https://photos.app.goo.gl.com/T0641,6.5,8,1.5
T0209,11/03/2025,10:40,Chocojar(Vanilla),Ahmad Latif,OnlineBanking,https://photos.app.goo.gl.com/T0001,6.5,8,1.5
T0210,11/03/2025,18:07,Chocojar(Strawberry),Hafiz Ismail,OnlineBanking,https://photos.app.goo.gl.com/T0053,6.5,8,1.5
T0211,11/03/2025,15:42,Chocojar(Vanilla),Faiz Omar,OnlineBanking,https://photos.app.goo.gl.com/T0095,6.5,8,1.5
T0212,11/03/2025,12:09,Chocojar(Strawberry),Faiz Ismail,Cash,N/A,6.5,8,1.5
T0213,11/03/2025,08:44,Chocojar(Blueberry),Zulkifli Aziz,OnlineBanking,https://photos.app.goo.gl.com/T0125,6.5,8,1.5
T0214,11/03/2025,12:56,Chocojar(Blueberry),Siti Zainal,Cash,N/A,6.5,8,1.5
T0215,11/03/2025,19:44,Chocojar(Blueberry),Zulkifli Salleh,Cash,N/A,6.5,8,1.5
T0216,11/03/2025,10:48,Chocojar(Chocolate),Aina Rahman,Cash,N/A,6.5,8,1.5
T0217,11/03/2025,19:29,Chocojar(Strawberry),Liyana Abdullah,Cash,N/A,6.5,8,1.5
T0218,11/03/2025,16:50,Chocojar(Strawberry),Zulkifli Aziz,OnlineBanking,https://photos.app.goo.gl.com/T0283,6.5,8,1.5
T0219,11/03/2025,12:50,Chocojar(Chocolate),Zara Hassan,OnlineBanking,https://photos.app.goo.gl.com/T0318,6.5,8,1.5
T0220,11/03/2025,15:11,Chocojar(Blueberry),Faiz Rahman,Cash,N/A,6.5,8,1.5
T0221,11/03/2025,11:17,Chocojar(Blueberry),Zulkifli Latif,Cash,N/A,6.5,8,1.5
T0222,11/03/2025,17:36,Chocojar(Vanilla),Nur Rahman,OnlineBanking,https://photos.app.goo.gl.com/T0516,6.5,8,1.5
T0223,11/03/2025,14:21,Chocojar(Matcha),Liyana Aziz,OnlineBanking,https://photos.app.goo.gl.com/T0526,6.5,8,1.5
T0224,11/03/2025,20:04,Chocojar(Matcha),Ahmad Aziz,OnlineBanking,https://photos.app.goo.gl.com/T0536,6.5,8,1.5
T0225,11/03/2025,20:09,Chocojar(Matcha),Siti Yusof,Cash,N/A,6.5,8,1.5
T0226,11/03/2025,14:34,Chocojar(Strawberry),Faiz Zainal,Cash,N/A,6.5,8,1.5
T0227,11/03/2025,20:34,Chocojar(Strawberry),Hafiz Salleh,OnlineBanking,https://photos.app.goo.gl.com/T0637,6.5,8,1.5
T0228,12/03/2025,08:05,Chocojar(Chocolate),Aina Yusof,OnlineBanking,https://photos.app.goo.gl.com/T0004,6.5,8,1.5
T0229,12/03/2025,14:38,Chocojar(Vanilla),Zara Yusof,OnlineBanking,https://photos.app.goo.gl.com/T0005,6.5,8,1.5
T0230,12/03/2025,13:53,Chocojar(Blueberry),Liyana Hassan,Cash,N/A,6.5,8,1.5
T0231,12/03/2025,08:06,Chocojar(Vanilla),Hafiz Salleh,Cash,N/A,6.5,8,1.5
T0232,12/03/2025,18:16,Chocojar(Chocolate),Liyana Rahman,Cash,N/A,6.5,8,1.5
T0233,12/03/2025,17:34,Chocojar(Chocolate),Nur Zainal,OnlineBanking,https://photos.app.goo.gl.com/T0070,6.5,8,1.5
T0234,12/03/2025,11:41,Chocojar(Matcha),Siti Yusof,Cash,N/A,6.5,8,1.5
T0235,12/03/2025,22:14,Chocojar(Matcha),Ahmad Ismail,Cash,N/A,6.5,8,1.5
T0236,12/03/2025,14:33,Chocojar(Blueberry),Ahmad Latif,OnlineBanking,https://photos.app.goo.gl.com/T0198,6.5,8,1.5
T0237,12/03/2025,19:53,Chocojar(Strawberry),Faiz Ismail,Cash,N/A,6.5,8,1.5
T0238,12/03/2025,20:44,Chocojar(Vanilla),Hafiz Ismail,OnlineBanking,https://photos.app.goo.gl.com/T0209,6.5,8,1.5
T0239,12/03/2025,17:54,Chocojar(Matcha),Aina Ismail,OnlineBanking,https://photos.app.goo.gl.com/T0213,6.5,8,1.5
T0240,12/03/2025,10:56,Chocojar(Strawberry),Nur Rahman,OnlineBanking,https://photos.app.goo.gl.com/T0214,6.5,8,1.5
T0241,12/03/2025,21:30,Chocojar(Matcha),Liyana Latif,Cash,N/A,6.5,8,1.5
T0242,12/03/2025,20:55,Chocojar(Blueberry),Aina Zainal,OnlineBanking,https://photos.app.goo.gl.com/T0241,6.5,8,1.5
T0243,12/03/2025,09:19,Chocojar(Strawberry),Ahmad Zainal,Cash,N/A,6.5,8,1.5
T0244,12/03/2025,16:40,Chocojar(Blueberry),Aina Omar,OnlineBanking,https://photos.app.goo.gl.com/T0286,6.5,8,1.5
T0245,12/03/2025,14:20,Chocojar(Chocolate),Aina Yusof,OnlineBanking,https://photos.app.goo.gl.com/T0293,6.5,8,1.5
T0246,12/03/2025,19:10,Chocojar(Matcha),Nur Zainal,OnlineBanking,https://photos.app.goo.gl.com/T0298,6.5,8,1.5
T0247,12/03/2025,22:41,Chocojar(Matcha),Zulkifli Yusof,Cash,N/A,6.5,8,1.5
T0248,12/03/2025,18:18,Chocojar(Strawberry),Nur Zainal,OnlineBanking,https://photos.app.goo.gl.com/T0342,6.5,8,1.5
T0249,12/03/2025,18:04,Chocojar(Chocolate),Hafiz Aziz,OnlineBanking,https://photos.app.goo.gl.com/T0371,6.5,8,1.5
T0250,12/03/2025,09:51,Chocojar(Vanilla),Siti Latif,OnlineBanking,https://photos.app.goo.gl.com/T0383,6.5,8,1.5
T0251,12/03/2025,20:58,Chocojar(Blueberry),Hafiz Rahman,OnlineBanking,https://photos.app.goo.gl.com/T0513,6.5,8,1.5
T0252,12/03/2025,11:33,Chocojar(Blueberry),Liyana Hassan,Cash,N/A,6.5,8,1.5
T0253,12/03/2025,08:20,Chocojar(Vanilla),Zulkifli Hassan,OnlineBanking,https://photos.app.goo.gl.com/T0656,6.5,8,1.5
T0254,13/03/2025,13:26,Chocojar(Matcha),Zara Hassan,Cash,N/A,6.5,8,1.5
T0255,13/03/2025,09:26,Chocojar(Blueberry),Nur Rahman,Cash,N/A,6.5,8,1.5
T0256,13/03/2025,11:33,Chocojar(Chocolate),Liyana Zainal,OnlineBanking,https://photos.app.goo.gl.com/T0147,6.5,8,1.5
T0257,13/03/2025,21:39,Chocojar(Vanilla),Siti Zainal,Cash,N/A,6.5,8,1.5
T0258,13/03/2025,22:48,Chocojar(Matcha),Ali Latif,Cash,N/A,6.5,8,1.5
T0259,13/03/2025,15:30,Chocojar(Blueberry),Liyana Omar,Cash,N/A,6.5,8,1.5
T0260,13/03/2025,08:48,Chocojar(Matcha),Zulkifli Salleh,OnlineBanking,https://photos.app.goo.gl.com/T0216,6.5,8,1.5
T0261,13/03/2025,16:48,Chocojar(Strawberry),Zara Salleh,Cash,N/A,6.5,8,1.5
T0262,13/03/2025,17:42,Chocojar(Blueberry),Aina Abdullah,OnlineBanking,https://photos.app.goo.gl.com/T0395,6.5,8,1.5
T0263,13/03/2025,20:29,Chocojar(Matcha),Faiz Rahman,Cash,N/A,6.5,8,1.5
T0264,13/03/2025,20:53,Chocojar(Vanilla),Siti Yusof,OnlineBanking,https://photos.app.goo.gl.com/T0482,6.5,8,1.5
T0265,13/03/2025,21:10,Chocojar(Chocolate),Zulkifli Ismail,OnlineBanking,https://photos.app.goo.gl.com/T0510,6.5,8,1.5
T0266,13/03/2025,21:53,Chocojar(Matcha),Nur Ismail,OnlineBanking,https://photos.app.goo.gl.com/T0514,6.5,8,1.5
T0267,13/03/2025,16:22,Chocojar(Chocolate),Zara Latif,OnlineBanking,https://photos.app.goo.gl.com/T0527,6.5,8,1.5
T0268,13/03/2025,18:46,Chocojar(Blueberry),Liyana Yusof,Cash,N/A,6.5,8,1.5
T0269,13/03/2025,20:49,Chocojar(Vanilla),Faiz Salleh,Cash,N/A,6.5,8,1.5
T0270,13/03/2025,08:48,Chocojar(Blueberry),Siti Omar,Cash,N/A,6.5,8,1.5
T0271,13/03/2025,20:05,Chocojar(Blueberry),Ali Aziz,Cash,N/A,6.5,8,1.5
T0272,14/03/2025,11:12,Chocojar(Matcha),Zulkifli Zainal,Cash,N/A,6.5,8,1.5
T0273,14/03/2025,13:17,Chocojar(Matcha),Ahmad Ismail,OnlineBanking,https://photos.app.goo.gl.com/T0027,6.5,8,1.5
T0274,14/03/2025,10:01,Chocojar(Blueberry),Ali Aziz,Cash,N/A,6.5,8,1.5
T0275,14/03/2025,19:10,Chocojar(Blueberry),Faiz Zainal,OnlineBanking,https://photos.app.goo.gl.com/T0062,6.5,8,1.5
T0276,14/03/2025,14:48,Chocojar(Strawberry),Ali Abdullah,OnlineBanking,https://photos.app.goo.gl.com/T0071,6.5,8,1.5
T0277,14/03/2025,20:42,Chocojar(Strawberry),Zulkifli Omar,OnlineBanking,https://photos.app.goo.gl.com/T0104,6.5,8,1.5
T0278,14/03/2025,11:57,Chocojar(Matcha),Siti Ismail,Cash,N/A,6.5,8,1.5
T0279,14/03/2025,20:35,Chocojar(Strawberry),Ahmad Latif,OnlineBanking,https://photos.app.goo.gl.com/T0170,6.5,8,1.5
T0280,14/03/2025,21:06,Chocojar(Strawberry),Zara Aziz,Cash,N/A,6.5,8,1.5
T0281,14/03/2025,12:34,Chocojar(Matcha),Aina Abdullah,Cash,N/A,6.5,8,1.5
T0282,14/03/2025,20:18,Chocojar(Chocolate),Nur Aziz,OnlineBanking,https://photos.app.goo.gl.com/T0316,6.5,8,1.5
T0283,14/03/2025,15:56,Chocojar(Chocolate),Zulkifli Rahman,Cash,N/A,6.5,8,1.5
T0284,14/03/2025,19:25,Chocojar(Chocolate),Aina Salleh,Cash,N/A,6.5,8,1.5
T0285,14/03/2025,21:50,Chocojar(Vanilla),Zara Rahman,Cash,N/A,6.5,8,1.5
T0286,14/03/2025,16:24,Chocojar(Strawberry),Ahmad Ismail,Cash,N/A,6.5,8,1.5
T0287,14/03/2025,17:01,Chocojar(Strawberry),Zulkifli Rahman,Cash,N/A,6.5,8,1.5
T0288,14/03/2025,22:32,Chocojar(Blueberry),Zulkifli Abdullah,Cash,N/A,6.5,8,1.5
T0289,14/03/2025,10:51,Chocojar(Chocolate),Zara Salleh,Cash,N/A,6.5,8,1.5
T0290,14/03/2025,08:34,Chocojar(Chocolate),Nur Latif,OnlineBanking,https://photos.app.goo.gl.com/T0565,6.5,8,1.5
T0291,14/03/2025,14:37,Chocojar(Vanilla),Faiz Hassan,OnlineBanking,https://photos.app.goo.gl.com/T0596,6.5,8,1.5
T0292,14/03/2025,12:56,Chocojar(Matcha),Ahmad Yusof,OnlineBanking,https://photos.app.goo.gl.com/T0607,6.5,8,1.5
T0293,14/03/2025,17:11,Chocojar(Matcha),Siti Latif,Cash,N/A,6.5,8,1.5
T0294,14/03/2025,13:20,Chocojar(Chocolate),Liyana Rahman,Cash,N/A,6.5,8,1.5
T0295,14/03/2025,17:31,Chocojar(Strawberry),Zulkifli Omar,Cash,N/A,6.5,8,1.5
T0296,15/03/2025,14:17,Chocojar(Strawberry),Faiz Ismail,Cash,N/A,6.5,8,1.5
T0297,15/03/2025,22:29,Chocojar(Blueberry),Zara Omar,Cash,N/A,6.5,8,1.5
T0298,15/03/2025,14:21,Chocojar(Strawberry),Aina Yusof,OnlineBanking,https://photos.app.goo.gl.com/T0159,6.5,8,1.5
T0299,15/03/2025,14:13,Chocojar(Strawberry),Siti Aziz,OnlineBanking,https://photos.app.goo.gl.com/T0164,6.5,8,1.5
T0300,15/03/2025,14:55,Chocojar(Chocolate),Nur Salleh,Cash,N/A,6.5,8,1.5
T0301,15/03/2025,22:52,Chocojar(Chocolate),Nur Zainal,Cash,N/A,6.5,8,1.5
T0302,15/03/2025,16:52,Chocojar(Matcha),Hafiz Yusof,OnlineBanking,https://photos.app.goo.gl.com/T0190,6.5,8,1.5
T0303,15/03/2025,16:02,Chocojar(Strawberry),Ahmad Ismail,OnlineBanking,https://photos.app.goo.gl.com/T0246,6.5,8,1.5
T0304,15/03/2025,13:16,Chocojar(Blueberry),Siti Latif,Cash,N/A,6.5,8,1.5
T0305,15/03/2025,10:29,Chocojar(Matcha),Aina Zainal,OnlineBanking,https://photos.app.goo.gl.com/T0287,6.5,8,1.5
T0306,15/03/2025,09:05,Chocojar(Vanilla),Faiz Yusof,Cash,N/A,6.5,8,1.5
T0307,15/03/2025,16:36,Chocojar(Chocolate),Hafiz Yusof,Cash,N/A,6.5,8,1.5
T0308,15/03/2025,14:56,Chocojar(Strawberry),Ahmad Rahman,Cash,N/A,6.5,8,1.5
T0309,15/03/2025,12:59,Chocojar(Chocolate),Aina Yusof,Cash,N/A,6.5,8,1.5
T0310,15/03/2025,11:51,Chocojar(Matcha),Hafiz Aziz,Cash,N/A,6.5,8,1.5
T0311,15/03/2025,10:59,Chocojar(Vanilla),Ali Salleh,OnlineBanking,https://photos.app.goo.gl.com/T0382,6.5,8,1.5
T0312,15/03/2025,19:58,Chocojar(Strawberry),Ahmad Rahman,Cash,N/A,6.5,8,1.5
T0313,15/03/2025,09:10,Chocojar(Matcha),Nur Omar,OnlineBanking,https://photos.app.goo.gl.com/T0455,6.5,8,1.5
T0314,15/03/2025,14:50,Chocojar(Matcha),Ahmad Hassan,OnlineBanking,https://photos.app.goo.gl.com/T0470,6.5,8,1.5
T0315,15/03/2025,15:05,Chocojar(Vanilla),Zara Rahman,Cash,N/A,6.5,8,1.5
T0316,15/03/2025,17:21,Chocojar(Blueberry),Liyana Zainal,OnlineBanking,https://photos.app.goo.gl.com/T0509,6.5,8,1.5
T0317,15/03/2025,17:32,Chocojar(Matcha),Liyana Rahman,Cash,N/A,6.5,8,1.5
T0318,15/03/2025,16:20,Chocojar(Vanilla),Ahmad Abdullah,OnlineBanking,https://photos.app.goo.gl.com/T0519,6.5,8,1.5
T0319,15/03/2025,19:35,Chocojar(Vanilla),Faiz Aziz,OnlineBanking,https://photos.app.goo.gl.com/T0535,6.5,8,1.5
T0320,15/03/2025,12:16,Chocojar(Strawberry),Liyana Rahman,Cash,N/A,6.5,8,1.5
T0321,15/03/2025,10:52,Chocojar(Blueberry),Siti Ismail,Cash,N/A,6.5,8,1.5
T0322,16/03/2025,17:11,Chocojar(Vanilla),Liyana Omar,OnlineBanking,https://photos.app.goo.gl.com/T0043,6.5,8,1.5
T0323,16/03/2025,10:37,Chocojar(Vanilla),Siti Zainal,OnlineBanking,https://photos.app.goo.gl.com/T0063,6.5,8,1.5
T0324,16/03/2025,10:33,Chocojar(Vanilla),Ahmad Rahman,OnlineBanking,https://photos.app.goo.gl.com/T0130,6.5,8,1.5
T0325,16/03/2025,14:36,Chocojar(Blueberry),Liyana Hassan,OnlineBanking,https://photos.app.goo.gl.com/T0142,6.5,8,1.5
T0326,16/03/2025,22:47,Chocojar(Blueberry),Zara Aziz,Cash,N/A,6.5,8,1.5
T0327,16/03/2025,09:23,Chocojar(Strawberry),Aina Ismail,OnlineBanking,https://photos.app.goo.gl.com/T0196,6.5,8,1.5
T0328,16/03/2025,19:11,Chocojar(Blueberry),Hafiz Rahman,Cash,N/A,6.5,8,1.5
T0329,16/03/2025,11:32,Chocojar(Chocolate),Liyana Hassan,OnlineBanking,https://photos.app.goo.gl.com/T0225,6.5,8,1.5
T0330,16/03/2025,22:30,Chocojar(Chocolate),Nur Hassan,Cash,N/A,6.5,8,1.5
T0331,16/03/2025,20:28,Chocojar(Vanilla),Zulkifli Aziz,OnlineBanking,https://photos.app.goo.gl.com/T0260,6.5,8,1.5
T0332,16/03/2025,21:15,Chocojar(Strawberry),Liyana Yusof,OnlineBanking,https://photos.app.goo.gl.com/T0351,6.5,8,1.5
T0333,16/03/2025,10:50,Chocojar(Strawberry),Siti Zainal,OnlineBanking,https://photos.app.goo.gl.com/T0354,6.5,8,1.5
T0334,16/03/2025,10:46,Chocojar(Chocolate),Aina Salleh,Cash,N/A,6.5,8,1.5
T0335,16/03/2025,16:27,Chocojar(Vanilla),Aina Zainal,Cash,N/A,6.5,8,1.5
T0336,16/03/2025,13:35,Chocojar(Chocolate),Nur Ismail,OnlineBanking,https://photos.app.goo.gl.com/T0390,6.5,8,1.5
T0337,16/03/2025,22:37,Chocojar(Chocolate),Ahmad Zainal,OnlineBanking,https://photos.app.goo.gl.com/T0417,6.5,8,1.5
T0338,16/03/2025,14:31,Chocojar(Matcha),Zulkifli Yusof,Cash,N/A,6.5,8,1.5
T0339,16/03/2025,09:52,Chocojar(Strawberry),Ahmad Abdullah,Cash,N/A,6.5,8,1.5
T0340,16/03/2025,22:01,Chocojar(Chocolate),Ahmad Abdullah,Cash,N/A,6.5,8,1.5
T0341,16/03/2025,17:11,Chocojar(Matcha),Ahmad Latif,Cash,N/A,6.5,8,1.5
T0342,16/03/2025,16:23,Chocojar(Vanilla),Liyana Rahman,Cash,N/A,6.5,8,1.5
T0343,16/03/2025,15:37,Chocojar(Strawberry),Aina Rahman,OnlineBanking,https://photos.app.goo.gl.com/T0505,6.5,8,1.5
T0344,16/03/2025,21:14,Chocojar(Blueberry),Siti Hassan,OnlineBanking,https://photos.app.goo.gl.com/T0646,6.5,8,1.5
T0345,17/03/2025,16:05,Chocojar(Strawberry),Ali Salleh,Cash,N/A,6.5,8,1.5
T0346,17/03/2025,12:59,Chocojar(Vanilla),Liyana Hassan,OnlineBanking,https://photos.app.goo.gl.com/T0108,6.5,8,1.5
T0347,17/03/2025,08:47,Chocojar(Vanilla),Zulkifli Omar,Cash,N/A,6.5,8,1.5
T0348,17/03/2025,21:47,Chocojar(Vanilla),Nur Yusof,OnlineBanking,https://photos.app.goo.gl.com/T0192,6.5,8,1.5
T0349,17/03/2025,22:17,Chocojar(Chocolate),Zulkifli Ismail,OnlineBanking,https://photos.app.goo.gl.com/T0223,6.5,8,1.5
T0350,17/03/2025,12:50,Chocojar(Vanilla),Nur Zainal,Cash,N/A,6.5,8,1.5
T0351,17/03/2025,22:20,Chocojar(Chocolate),Aina Zainal,OnlineBanking,https://photos.app.goo.gl.com/T0284,6.5,8,1.5
T0352,17/03/2025,16:39,Chocojar(Matcha),Siti Latif,OnlineBanking,https://photos.app.goo.gl.com/T0315,6.5,8,1.5
T0353,17/03/2025,20:19,Chocojar(Matcha),Aina Ismail,Cash,N/A,6.5,8,1.5
T0354,17/03/2025,21:45,Chocojar(Chocolate),Liyana Aziz,Cash,N/A,6.5,8,1.5
T0355,17/03/2025,14:16,Chocojar(Matcha),Liyana Rahman,OnlineBanking,https://photos.app.goo.gl.com/T0495,6.5,8,1.5
T0356,17/03/2025,10:10,Chocojar(Chocolate),Zara Salleh,OnlineBanking,https://photos.app.goo.gl.com/T0501,6.5,8,1.5
T0357,17/03/2025,17:45,Chocojar(Blueberry),Zara Abdullah,OnlineBanking,https://photos.app.goo.gl.com/T0530,6.5,8,1.5
T0358,17/03/2025,22:06,Chocojar(Matcha),Nur Ismail,Cash,N/A,6.5,8,1.5
T0359,17/03/2025,14:17,Chocojar(Vanilla),Hafiz Abdullah,Cash,N/A,6.5,8,1.5
T0360,17/03/2025,08:47,Chocojar(Blueberry),Zara Zainal,Cash,N/A,6.5,8,1.5
T0361,18/03/2025,19:29,Chocojar(Strawberry),Ali Ismail,OnlineBanking,https://photos.app.goo.gl.com/T0007,6.5,8,1.5
T0362,18/03/2025,14:09,Chocojar(Vanilla),Faiz Ismail,Cash,N/A,6.5,8,1.5
T0363,18/03/2025,13:25,Chocojar(Chocolate),Hafiz Ismail,Cash,N/A,6.5,8,1.5
T0364,18/03/2025,09:31,Chocojar(Chocolate),Siti Latif,OnlineBanking,https://photos.app.goo.gl.com/T0221,6.5,8,1.5
T0365,18/03/2025,14:37,Chocojar(Chocolate),Aina Abdullah,Cash,N/A,6.5,8,1.5
T0366,18/03/2025,13:59,Chocojar(Chocolate),Aina Salleh,OnlineBanking,https://photos.app.goo.gl.com/T0294,6.5,8,1.5
T0367,18/03/2025,08:08,Chocojar(Strawberry),Faiz Rahman,OnlineBanking,https://photos.app.goo.gl.com/T0341,6.5,8,1.5
T0368,18/03/2025,08:01,Chocojar(Matcha),Hafiz Zainal,OnlineBanking,https://photos.app.goo.gl.com/T0348,6.5,8,1.5
T0369,18/03/2025,14:51,Chocojar(Matcha),Liyana Rahman,Cash,N/A,6.5,8,1.5
T0370,18/03/2025,11:18,Chocojar(Vanilla),Zulkifli Latif,Cash,N/A,6.5,8,1.5
T0371,18/03/2025,15:43,Chocojar(Chocolate),Nur Latif,OnlineBanking,https://photos.app.goo.gl.com/T0448,6.5,8,1.5
T0372,18/03/2025,11:32,Chocojar(Vanilla),Zara Rahman,Cash,N/A,6.5,8,1.5
T0373,18/03/2025,22:48,Chocojar(Strawberry),Aina Hassan,Cash,N/A,6.5,8,1.5
T0374,18/03/2025,12:35,Chocojar(Strawberry),Zara Rahman,Cash,N/A,6.5,8,1.5
T0375,18/03/2025,13:41,Chocojar(Chocolate),Aina Zainal,Cash,N/A,6.5,8,1.5
T0376,18/03/2025,21:31,Chocojar(Matcha),Zulkifli Ismail,OnlineBanking,https://photos.app.goo.gl.com/T0571,6.5,8,1.5
T0377,19/03/2025,11:30,Chocojar(Matcha),Aina Ismail,OnlineBanking,https://photos.app.goo.gl.com/T0016,6.5,8,1.5
T0378,19/03/2025,08:38,Chocojar(Chocolate),Ahmad Zainal,Cash,N/A,6.5,8,1.5
T0379,19/03/2025,12:48,Chocojar(Matcha),Nur Omar,Cash,N/A,6.5,8,1.5
T0380,19/03/2025,18:46,Chocojar(Matcha),Faiz Latif,Cash,N/A,6.5,8,1.5
T0381,19/03/2025,12:56,Chocojar(Matcha),Liyana Aziz,OnlineBanking,https://photos.app.goo.gl.com/T0156,6.5,8,1.5
T0382,19/03/2025,20:00,Chocojar(Matcha),Hafiz Zainal,OnlineBanking,https://photos.app.goo.gl.com/T0236,6.5,8,1.5
T0383,19/03/2025,10:32,Chocojar(Blueberry),Aina Salleh,OnlineBanking,https://photos.app.goo.gl.com/T0277,6.5,8,1.5
T0384,19/03/2025,08:50,Chocojar(Vanilla),Siti Omar,Cash,N/A,6.5,8,1.5
T0385,19/03/2025,15:02,Chocojar(Vanilla),Nur Latif,Cash,N/A,6.5,8,1.5
T0386,19/03/2025,10:23,Chocojar(Vanilla),Nur Rahman,Cash,N/A,6.5,8,1.5
T0387,19/03/2025,20:57,Chocojar(Matcha),Siti Abdullah,OnlineBanking,https://photos.app.goo.gl.com/T0419,6.5,8,1.5
T0388,19/03/2025,15:46,Chocojar(Strawberry),Zulkifli Yusof,OnlineBanking,https://photos.app.goo.gl.com/T0432,6.5,8,1.5
T0389,19/03/2025,12:14,Chocojar(Chocolate),Faiz Zainal,OnlineBanking,https://photos.app.goo.gl.com/T0434,6.5,8,1.5
T0390,19/03/2025,12:22,Chocojar(Blueberry),Liyana Salleh,OnlineBanking,https://photos.app.goo.gl.com/T0435,6.5,8,1.5
T0391,19/03/2025,09:25,Chocojar(Matcha),Ali Salleh,OnlineBanking,https://photos.app.goo.gl.com/T0532,6.5,8,1.5
T0392,19/03/2025,20:28,Chocojar(Vanilla),Hafiz Rahman,Cash,N/A,6.5,8,1.5
T0393,19/03/2025,18:26,Chocojar(Vanilla),Zulkifli Latif,Cash,N/A,6.5,8,1.5
T0394,19/03/2025,11:56,Chocojar(Blueberry),Ali Abdullah,Cash,N/A,6.5,8,1.5
T0395,19/03/2025,11:02,Chocojar(Vanilla),Aina Hassan,Cash,N/A,6.5,8,1.5
T0396,19/03/2025,20:22,Chocojar(Vanilla),Ahmad Hassan,OnlineBanking,https://photos.app.goo.gl.com/T0592,6.5,8,1.5
T0397,19/03/2025,10:59,Chocojar(Matcha),Liyana Omar,Cash,N/A,6.5,8,1.5
T0398,19/03/2025,11:32,Chocojar(Matcha),Siti Salleh,Cash,N/A,6.5,8,1.5
T0399,19/03/2025,08:43,Chocojar(Chocolate),Liyana Abdullah,Cash,N/A,6.5,8,1.5
T0400,20/03/2025,09:28,Chocojar(Vanilla),Nur Hassan,OnlineBanking,https://photos.app.goo.gl.com/T0012,6.5,8,1.5
T0401,20/03/2025,16:24,Chocojar(Strawberry),Ali Latif,OnlineBanking,https://photos.app.goo.gl.com/T0079,6.5,8,1.5
T0402,20/03/2025,16:45,Chocojar(Blueberry),Faiz Aziz,Cash,N/A,6.5,8,1.5
T0403,20/03/2025,12:43,Chocojar(Blueberry),Nur Omar,OnlineBanking,https://photos.app.goo.gl.com/T0091,6.5,8,1.5
T0404,20/03/2025,15:15,Chocojar(Strawberry),Ahmad Abdullah,OnlineBanking,https://photos.app.goo.gl.com/T0232,6.5,8,1.5
T0405,20/03/2025,18:41,Chocojar(Matcha),Hafiz Zainal,Cash,N/A,6.5,8,1.5
T0406,20/03/2025,20:17,Chocojar(Vanilla),Faiz Zainal,Cash,N/A,6.5,8,1.5
T0407,20/03/2025,16:49,Chocojar(Chocolate),Ahmad Zainal,Cash,N/A,6.5,8,1.5
T0408,20/03/2025,19:41,Chocojar(Blueberry),Nur Ismail,Cash,N/A,6.5,8,1.5
T0409,20/03/2025,16:47,Chocojar(Strawberry),Siti Abdullah,OnlineBanking,https://photos.app.goo.gl.com/T0290,6.5,8,1.5
T0410,20/03/2025,22:08,Chocojar(Chocolate),Aina Hassan,OnlineBanking,https://photos.app.goo.gl.com/T0299,6.5,8,1.5
T0411,20/03/2025,11:04,Chocojar(Matcha),Liyana Salleh,OnlineBanking,https://photos.app.goo.gl.com/T0363,6.5,8,1.5
T0412,20/03/2025,17:20,Chocojar(Chocolate),Ahmad Yusof,Cash,N/A,6.5,8,1.5
T0413,20/03/2025,20:32,Chocojar(Blueberry),Liyana Aziz,Cash,N/A,6.5,8,1.5
T0414,20/03/2025,20:20,Chocojar(Matcha),Nur Hassan,Cash,N/A,6.5,8,1.5
T0415,20/03/2025,19:27,Chocojar(Vanilla),Zara Hassan,OnlineBanking,https://photos.app.goo.gl.com/T0463,6.5,8,1.5
T0416,20/03/2025,19:36,Chocojar(Blueberry),Siti Rahman,OnlineBanking,https://photos.app.goo.gl.com/T0465,6.5,8,1.5
T0417,20/03/2025,08:35,Chocojar(Chocolate),Siti Rahman,OnlineBanking,https://photos.app.goo.gl.com/T0493,6.5,8,1.5
T0418,20/03/2025,08:52,Chocojar(Vanilla),Siti Zainal,Cash,N/A,6.5,8,1.5
T0419,20/03/2025,15:54,Chocojar(Vanilla),Ahmad Latif,Cash,N/A,6.5,8,1.5
T0420,20/03/2025,14:26,Chocojar(Blueberry),Ahmad Yusof,Cash,N/A,6.5,8,1.5
T0421,20/03/2025,14:30,Chocojar(Strawberry),Zulkifli Abdullah,Cash,N/A,6.5,8,1.5
T0422,20/03/2025,18:00,Chocojar(Vanilla),Ahmad Rahman,Cash,N/A,6.5,8,1.5
T0423,20/03/2025,22:18,Chocojar(Matcha),Nur Hassan,OnlineBanking,https://photos.app.goo.gl.com/T0618,6.5,8,1.5
T0424,20/03/2025,21:02,Chocojar(Chocolate),Siti Latif,OnlineBanking,https://photos.app.goo.gl.com/T0632,6.5,8,1.5
T0425,20/03/2025,18:04,Chocojar(Matcha),Faiz Rahman,Cash,N/A,6.5,8,1.5
T0426,20/03/2025,20:11,Chocojar(Blueberry),Hafiz Yusof,OnlineBanking,https://photos.app.goo.gl.com/T0644,6.5,8,1.5
T0427,21/03/2025,14:12,Chocojar(Blueberry),Ali Zainal,Cash,N/A,6.5,8,1.5
T0428,21/03/2025,12:46,Chocojar(Chocolate),Zulkifli Rahman,Cash,N/A,6.5,8,1.5
T0429,21/03/2025,18:36,Chocojar(Matcha),Hafiz Aziz,Cash,N/A,6.5,8,1.5
T0430,21/03/2025,17:38,Chocojar(Chocolate),Ahmad Latif,OnlineBanking,https://photos.app.goo.gl.com/T0073,6.5,8,1.5
T0431,21/03/2025,19:16,Chocojar(Vanilla),Aina Aziz,Cash,N/A,6.5,8,1.5
T0432,21/03/2025,17:10,Chocojar(Matcha),Liyana Yusof,OnlineBanking,https://photos.app.goo.gl.com/T0115,6.5,8,1.5
T0433,21/03/2025,16:09,Chocojar(Vanilla),Liyana Yusof,OnlineBanking,https://photos.app.goo.gl.com/T0131,6.5,8,1.5
T0434,21/03/2025,20:47,Chocojar(Strawberry),Siti Ismail,OnlineBanking,https://photos.app.goo.gl.com/T0215,6.5,8,1.5
T0435,21/03/2025,16:00,Chocojar(Strawberry),Siti Ismail,OnlineBanking,https://photos.app.goo.gl.com/T0218,6.5,8,1.5
T0436,21/03/2025,22:17,Chocojar(Matcha),Siti Aziz,Cash,N/A,6.5,8,1.5
T0437,21/03/2025,15:18,Chocojar(Vanilla),Siti Latif,Cash,N/A,6.5,8,1.5
T0438,21/03/2025,19:14,Chocojar(Chocolate),Ahmad Rahman,Cash,N/A,6.5,8,1.5
T0439,21/03/2025,19:43,Chocojar(Blueberry),Liyana Salleh,OnlineBanking,https://photos.app.goo.gl.com/T0374,6.5,8,1.5
T0440,21/03/2025,17:58,Chocojar(Vanilla),Faiz Yusof,OnlineBanking,https://photos.app.goo.gl.com/T0384,6.5,8,1.5
T0441,21/03/2025,09:44,Chocojar(Strawberry),Ahmad Hassan,OnlineBanking,https://photos.app.goo.gl.com/T0408,6.5,8,1.5
T0442,21/03/2025,21:06,Chocojar(Blueberry),Ali Zainal,Cash,N/A,6.5,8,1.5
T0443,21/03/2025,19:21,Chocojar(Strawberry),Hafiz Abdullah,OnlineBanking,https://photos.app.goo.gl.com/T0538,6.5,8,1.5
T0444,21/03/2025,20:17,Chocojar(Strawberry),Aina Aziz,OnlineBanking,https://photos.app.goo.gl.com/T0584,6.5,8,1.5
T0445,21/03/2025,08:06,Chocojar(Vanilla),Nur Yusof,OnlineBanking,https://photos.app.goo.gl.com/T0589,6.5,8,1.5
T0446,21/03/2025,11:26,Chocojar(Strawberry),Nur Yusof,Cash,N/A,6.5,8,1.5
T0447,21/03/2025,08:14,Chocojar(Vanilla),Nur Omar,Cash,N/A,6.5,8,1.5
T0448,22/03/2025,08:55,Chocojar(Blueberry),Hafiz Latif,Cash,N/A,6.5,8,1.5
T0449,22/03/2025,20:38,Chocojar(Chocolate),Zulkifli Salleh,Cash,N/A,6.5,8,1.5
T0450,22/03/2025,17:21,Chocojar(Strawberry),Faiz Latif,OnlineBanking,https://photos.app.goo.gl.com/T0106,6.5,8,1.5
T0451,22/03/2025,21:28,Chocojar(Strawberry),Siti Omar,OnlineBanking,https://photos.app.goo.gl.com/T0113,6.5,8,1.5
T0452,22/03/2025,19:59,Chocojar(Blueberry),Nur Omar,Cash,N/A,6.5,8,1.5
T0453,22/03/2025,19:52,Chocojar(Vanilla),Siti Latif,Cash,N/A,6.5,8,1.5
T0454,22/03/2025,22:55,Chocojar(Strawberry),Zara Ismail,OnlineBanking,https://photos.app.goo.gl.com/T0385,6.5,8,1.5
T0455,22/03/2025,22:11,Chocojar(Blueberry),Faiz Rahman,OnlineBanking,https://photos.app.goo.gl.com/T0388,6.5,8,1.5
T0456,22/03/2025,16:31,Chocojar(Blueberry),Nur Abdullah,OnlineBanking,https://photos.app.goo.gl.com/T0400,6.5,8,1.5
T0457,22/03/2025,17:40,Chocojar(Strawberry),Aina Salleh,Cash,N/A,6.5,8,1.5
T0458,22/03/2025,18:38,Chocojar(Matcha),Ali Omar,Cash,N/A,6.5,8,1.5
T0459,22/03/2025,16:38,Chocojar(Chocolate),Faiz Yusof,OnlineBanking,https://photos.app.goo.gl.com/T0438,6.5,8,1.5
T0460,22/03/2025,18:51,Chocojar(Blueberry),Faiz Yusof,OnlineBanking,https://photos.app.goo.gl.com/T0479,6.5,8,1.5
T0461,22/03/2025,22:38,Chocojar(Strawberry),Siti Latif,Cash,N/A,6.5,8,1.5
T0462,22/03/2025,18:13,Chocojar(Matcha),Zulkifli Abdullah,OnlineBanking,https://photos.app.goo.gl.com/T0561,6.5,8,1.5
T0463,22/03/2025,14:19,Chocojar(Vanilla),Liyana Zainal,OnlineBanking,https://photos.app.goo.gl.com/T0579,6.5,8,1.5
T0464,22/03/2025,10:18,Chocojar(Chocolate),Liyana Aziz,OnlineBanking,https://photos.app.goo.gl.com/T0585,6.5,8,1.5
T0465,22/03/2025,08:00,Chocojar(Blueberry),Siti Salleh,Cash,N/A,6.5,8,1.5
T0466,22/03/2025,20:48,Chocojar(Vanilla),Ali Ismail,Cash,N/A,6.5,8,1.5
T0467,22/03/2025,10:57,Chocojar(Chocolate),Liyana Latif,OnlineBanking,https://photos.app.goo.gl.com/T0651,6.5,8,1.5
T0468,23/03/2025,09:54,Chocojar(Strawberry),Faiz Salleh,OnlineBanking,https://photos.app.goo.gl.com/T0008,6.5,8,1.5
T0469,23/03/2025,11:01,Chocojar(Strawberry),Aina Latif,Cash,N/A,6.5,8,1.5
T0470,23/03/2025,08:38,Chocojar(Strawberry),Siti Yusof,Cash,N/A,6.5,8,1.5
T0471,23/03/2025,22:55,Chocojar(Matcha),Zara Salleh,OnlineBanking,https://photos.app.goo.gl.com/T0112,6.5,8,1.5
T0472,23/03/2025,10:38,Chocojar(Strawberry),Ali Abdullah,Cash,N/A,6.5,8,1.5
T0473,23/03/2025,12:52,Chocojar(Strawberry),Zulkifli Aziz,OnlineBanking,https://photos.app.goo.gl.com/T0136,6.5,8,1.5
T0474,23/03/2025,12:55,Chocojar(Vanilla),Ahmad Salleh,Cash,N/A,6.5,8,1.5
T0475,23/03/2025,22:23,Chocojar(Blueberry),Liyana Abdullah,Cash,N/A,6.5,8,1.5
T0476,23/03/2025,11:01,Chocojar(Strawberry),Zara Hassan,Cash,N/A,6.5,8,1.5
T0477,23/03/2025,10:34,Chocojar(Chocolate),Nur Salleh,OnlineBanking,https://photos.app.goo.gl.com/T0330,6.5,8,1.5
T0478,23/03/2025,16:32,Chocojar(Vanilla),Zara Rahman,OnlineBanking,https://photos.app.goo.gl.com/T0394,6.5,8,1.5
T0479,23/03/2025,12:49,Chocojar(Chocolate),Aina Salleh,Cash,N/A,6.5,8,1.5
T0480,23/03/2025,12:43,Chocojar(Blueberry),Nur Zainal,OnlineBanking,https://photos.app.goo.gl.com/T0504,6.5,8,1.5
T0481,23/03/2025,22:46,Chocojar(Matcha),Ali Latif,OnlineBanking,https://photos.app.goo.gl.com/T0518,6.5,8,1.5
T0482,23/03/2025,19:30,Chocojar(Vanilla),Ahmad Rahman,OnlineBanking,https://photos.app.goo.gl.com/T0529,6.5,8,1.5
T0483,23/03/2025,12:09,Chocojar(Chocolate),Liyana Hassan,OnlineBanking,https://photos.app.goo.gl.com/T0558,6.5,8,1.5
T0484,23/03/2025,09:33,Chocojar(Blueberry),Siti Hassan,Cash,N/A,6.5,8,1.5
T0485,23/03/2025,21:59,Chocojar(Vanilla),Aina Ismail,Cash,N/A,6.5,8,1.5
T0486,23/03/2025,17:40,Chocojar(Matcha),Siti Latif,OnlineBanking,https://photos.app.goo.gl.com/T0580,6.5,8,1.5
T0487,24/03/2025,15:02,Chocojar(Blueberry),Aina Abdullah,OnlineBanking,https://photos.app.goo.gl.com/T0022,6.5,8,1.5
T0488,24/03/2025,10:59,Chocojar(Chocolate),Aina Hassan,OnlineBanking,https://photos.app.goo.gl.com/T0028,6.5,8,1.5
T0489,24/03/2025,09:17,Chocojar(Chocolate),Ahmad Salleh,OnlineBanking,https://photos.app.goo.gl.com/T0056,6.5,8,1.5
T0490,24/03/2025,16:28,Chocojar(Chocolate),Aina Omar,Cash,N/A,6.5,8,1.5
T0491,24/03/2025,10:10,Chocojar(Matcha),Aina Rahman,Cash,N/A,6.5,8,1.5
T0492,24/03/2025,20:43,Chocojar(Strawberry),Ahmad Abdullah,Cash,N/A,6.5,8,1.5
T0493,24/03/2025,13:03,Chocojar(Vanilla),Hafiz Omar,Cash,N/A,6.5,8,1.5
T0494,24/03/2025,09:50,Chocojar(Vanilla),Liyana Zainal,Cash,N/A,6.5,8,1.5
T0495,24/03/2025,08:37,Chocojar(Blueberry),Nur Zainal,Cash,N/A,6.5,8,1.5
T0496,24/03/2025,14:09,Chocojar(Strawberry),Siti Yusof,Cash,N/A,6.5,8,1.5
T0497,24/03/2025,21:32,Chocojar(Blueberry),Liyana Latif,Cash,N/A,6.5,8,1.5
T0498,24/03/2025,20:49,Chocojar(Matcha),Aina Yusof,OnlineBanking,https://photos.app.goo.gl.com/T0498,6.5,8,1.5
T0499,24/03/2025,21:22,Chocojar(Vanilla),Ali Salleh,OnlineBanking,https://photos.app.goo.gl.com/T0605,6.5,8,1.5
T0500,24/03/2025,08:39,Chocojar(Chocolate),Nur Salleh,OnlineBanking,https://photos.app.goo.gl.com/T0640,6.5,8,1.5
T0501,25/03/2025,20:27,Chocojar(Strawberry),Siti Zainal,OnlineBanking,https://photos.app.goo.gl.com/T0003,6.5,8,1.5
T0502,25/03/2025,17:10,Chocojar(Chocolate),Liyana Abdullah,OnlineBanking,https://photos.app.goo.gl.com/T0020,6.5,8,1.5
T0503,25/03/2025,20:08,Chocojar(Chocolate),Nur Ismail,OnlineBanking,https://photos.app.goo.gl.com/T0032,6.5,8,1.5
T0504,25/03/2025,08:11,Chocojar(Strawberry),Nur Abdullah,Cash,N/A,6.5,8,1.5
T0505,25/03/2025,16:48,Chocojar(Blueberry),Zulkifli Abdullah,Cash,N/A,6.5,8,1.5
T0506,25/03/2025,12:46,Chocojar(Strawberry),Ahmad Omar,OnlineBanking,https://photos.app.goo.gl.com/T0126,6.5,8,1.5
T0507,25/03/2025,08:07,Chocojar(Vanilla),Ahmad Latif,Cash,N/A,6.5,8,1.5
T0508,25/03/2025,18:49,Chocojar(Strawberry),Nur Latif,Cash,N/A,6.5,8,1.5
T0509,25/03/2025,09:14,Chocojar(Blueberry),Nur Ismail,Cash,N/A,6.5,8,1.5
T0510,25/03/2025,09:56,Chocojar(Strawberry),Zara Aziz,OnlineBanking,https://photos.app.goo.gl.com/T0183,6.5,8,1.5
T0511,25/03/2025,17:21,Chocojar(Vanilla),Hafiz Omar,OnlineBanking,https://photos.app.goo.gl.com/T0210,6.5,8,1.5
T0512,25/03/2025,15:03,Chocojar(Strawberry),Liyana Aziz,OnlineBanking,https://photos.app.goo.gl.com/T0238,6.5,8,1.5
T0513,25/03/2025,17:35,Chocojar(Matcha),Faiz Omar,Cash,N/A,6.5,8,1.5
T0514,25/03/2025,15:30,Chocojar(Blueberry),Siti Abdullah,OnlineBanking,https://photos.app.goo.gl.com/T0266,6.5,8,1.5
T0515,25/03/2025,20:46,Chocojar(Vanilla),Faiz Latif,OnlineBanking,https://photos.app.goo.gl.com/T0269,6.5,8,1.5
T0516,25/03/2025,16:05,Chocojar(Matcha),Faiz Omar,OnlineBanking,https://photos.app.goo.gl.com/T0272,6.5,8,1.5
T0517,25/03/2025,19:26,Chocojar(Matcha),Siti Abdullah,OnlineBanking,https://photos.app.goo.gl.com/T0323,6.5,8,1.5
T0518,25/03/2025,20:19,Chocojar(Matcha),Zulkifli Zainal,OnlineBanking,https://photos.app.goo.gl.com/T0378,6.5,8,1.5
T0519,25/03/2025,21:26,Chocojar(Matcha),Faiz Salleh,Cash,N/A,6.5,8,1.5
T0520,25/03/2025,08:05,Chocojar(Chocolate),Aina Zainal,Cash,N/A,6.5,8,1.5
T0521,25/03/2025,19:28,Chocojar(Vanilla),Zara Latif,OnlineBanking,https://photos.app.goo.gl.com/T0488,6.5,8,1.5
T0522,25/03/2025,11:44,Chocojar(Vanilla),Zara Hassan,OnlineBanking,https://photos.app.goo.gl.com/T0494,6.5,8,1.5
T0523,25/03/2025,16:48,Chocojar(Matcha),Zara Yusof,OnlineBanking,https://photos.app.goo.gl.com/T0496,6.5,8,1.5
T0524,25/03/2025,08:25,Chocojar(Strawberry),Faiz Omar,OnlineBanking,https://photos.app.goo.gl.com/T0499,6.5,8,1.5
T0525,25/03/2025,09:12,Chocojar(Matcha),Zulkifli Omar,Cash,N/A,6.5,8,1.5
T0526,25/03/2025,12:15,Chocojar(Strawberry),Siti Latif,Cash,N/A,6.5,8,1.5
T0527,25/03/2025,12:09,Chocojar(Blueberry),Siti Yusof,Cash,N/A,6.5,8,1.5
T0528,25/03/2025,10:21,Chocojar(Strawberry),Liyana Ismail,Cash,N/A,6.5,8,1.5
T0529,25/03/2025,17:00,Chocojar(Blueberry),Hafiz Abdullah,Cash,N/A,6.5,8,1.5
T0530,25/03/2025,15:11,Chocojar(Strawberry),Nur Hassan,Cash,N/A,6.5,8,1.5
T0531,26/03/2025,14:08,Chocojar(Chocolate),Faiz Hassan,Cash,N/A,6.5,8,1.5
T0532,26/03/2025,09:02,Chocojar(Blueberry),Ahmad Zainal,OnlineBanking,https://photos.app.goo.gl.com/T0195,6.5,8,1.5
T0533,26/03/2025,22:06,Chocojar(Blueberry),Aina Zainal,OnlineBanking,https://photos.app.goo.gl.com/T0217,6.5,8,1.5
T0534,26/03/2025,19:43,Chocojar(Vanilla),Siti Omar,OnlineBanking,https://photos.app.goo.gl.com/T0279,6.5,8,1.5
T0535,26/03/2025,13:02,Chocojar(Blueberry),Liyana Ismail,Cash,N/A,6.5,8,1.5
T0536,26/03/2025,16:25,Chocojar(Matcha),Siti Yusof,OnlineBanking,https://photos.app.goo.gl.com/T0308,6.5,8,1.5
T0537,26/03/2025,08:57,Chocojar(Blueberry),Zulkifli Omar,Cash,N/A,6.5,8,1.5
T0538,26/03/2025,19:52,Chocojar(Vanilla),Faiz Abdullah,Cash,N/A,6.5,8,1.5
T0539,26/03/2025,08:10,Chocojar(Chocolate),Hafiz Latif,Cash,N/A,6.5,8,1.5
T0540,26/03/2025,10:22,Chocojar(Matcha),Zulkifli Abdullah,OnlineBanking,https://photos.app.goo.gl.com/T0357,6.5,8,1.5
T0541,26/03/2025,10:20,Chocojar(Strawberry),Zara Latif,Cash,N/A,6.5,8,1.5
T0542,26/03/2025,22:00,Chocojar(Chocolate),Nur Abdullah,Cash,N/A,6.5,8,1.5
T0543,26/03/2025,15:01,Chocojar(Chocolate),Ahmad Omar,Cash,N/A,6.5,8,1.5
T0544,26/03/2025,08:00,Chocojar(Blueberry),Faiz Zainal,Cash,N/A,6.5,8,1.5
T0545,26/03/2025,12:05,Chocojar(Strawberry),Zulkifli Hassan,Cash,N/A,6.5,8,1.5
T0546,26/03/2025,11:01,Chocojar(Chocolate),Siti Rahman,Cash,N/A,6.5,8,1.5
T0547,26/03/2025,13:54,Chocojar(Chocolate),Ali Hassan,OnlineBanking,https://photos.app.goo.gl.com/T0531,6.5,8,1.5
T0548,26/03/2025,10:17,Chocojar(Vanilla),Zara Omar,Cash,N/A,6.5,8,1.5
T0549,26/03/2025,18:07,Chocojar(Matcha),Siti Abdullah,OnlineBanking,https://photos.app.goo.gl.com/T0582,6.5,8,1.5
T0550,27/03/2025,20:19,Chocojar(Matcha),Zara Latif,Cash,N/A,6.5,8,1.5
T0551,27/03/2025,16:09,Chocojar(Vanilla),Siti Rahman,OnlineBanking,https://photos.app.goo.gl.com/T0050,6.5,8,1.5
T0552,27/03/2025,13:17,Chocojar(Strawberry),Aina Rahman,Cash,N/A,6.5,8,1.5
T0553,27/03/2025,19:55,Chocojar(Blueberry),Zara Salleh,Cash,N/A,6.5,8,1.5
T0554,27/03/2025,22:18,Chocojar(Vanilla),Aina Yusof,OnlineBanking,https://photos.app.goo.gl.com/T0117,6.5,8,1.5
T0555,27/03/2025,15:16,Chocojar(Matcha),Ahmad Abdullah,Cash,N/A,6.5,8,1.5
T0556,27/03/2025,21:05,Chocojar(Strawberry),Ahmad Latif,OnlineBanking,https://photos.app.goo.gl.com/T0137,6.5,8,1.5
T0557,27/03/2025,18:50,Chocojar(Matcha),Aina Salleh,Cash,N/A,6.5,8,1.5
T0558,27/03/2025,10:09,Chocojar(Strawberry),Faiz Aziz,Cash,N/A,6.5,8,1.5
T0559,27/03/2025,09:01,Chocojar(Chocolate),Siti Zainal,Cash,N/A,6.5,8,1.5
T0560,27/03/2025,09:11,Chocojar(Vanilla),Ahmad Omar,OnlineBanking,https://photos.app.goo.gl.com/T0240,6.5,8,1.5
T0561,27/03/2025,08:46,Chocojar(Matcha),Zulkifli Ismail,OnlineBanking,https://photos.app.goo.gl.com/T0265,6.5,8,1.5
T0562,27/03/2025,11:29,Chocojar(Strawberry),Zara Latif,Cash,N/A,6.5,8,1.5
T0563,27/03/2025,10:26,Chocojar(Vanilla),Siti Latif,Cash,N/A,6.5,8,1.5
T0564,27/03/2025,08:32,Chocojar(Vanilla),Nur Aziz,OnlineBanking,https://photos.app.goo.gl.com/T0359,6.5,8,1.5
T0565,27/03/2025,18:53,Chocojar(Chocolate),Zara Rahman,OnlineBanking,https://photos.app.goo.gl.com/T0364,6.5,8,1.5
T0566,27/03/2025,08:15,Chocojar(Matcha),Liyana Rahman,OnlineBanking,https://photos.app.goo.gl.com/T0405,6.5,8,1.5
T0567,27/03/2025,10:26,Chocojar(Blueberry),Faiz Rahman,Cash,N/A,6.5,8,1.5
T0568,27/03/2025,12:09,Chocojar(Matcha),Faiz Zainal,OnlineBanking,https://photos.app.goo.gl.com/T0428,6.5,8,1.5
T0569,27/03/2025,18:50,Chocojar(Strawberry),Faiz Latif,Cash,N/A,6.5,8,1.5
T0570,27/03/2025,12:58,Chocojar(Chocolate),Zara Hassan,Cash,N/A,6.5,8,1.5
T0571,27/03/2025,22:48,Chocojar(Blueberry),Siti Zainal,Cash,N/A,6.5,8,1.5
T0572,27/03/2025,21:01,Chocojar(Strawberry),Aina Hassan,OnlineBanking,https://photos.app.goo.gl.com/T0557,6.5,8,1.5
T0573,27/03/2025,12:45,Chocojar(Vanilla),Zulkifli Salleh,Cash,N/A,6.5,8,1.5
T0574,27/03/2025,14:31,Chocojar(Chocolate),Hafiz Salleh,Cash,N/A,6.5,8,1.5
T0575,27/03/2025,17:13,Chocojar(Chocolate),Ahmad Omar,OnlineBanking,https://photos.app.goo.gl.com/T0601,6.5,8,1.5
T0576,27/03/2025,19:47,Chocojar(Blueberry),Liyana Rahman,Cash,N/A,6.5,8,1.5
T0577,27/03/2025,15:20,Chocojar(Strawberry),Zara Aziz,Cash,N/A,6.5,8,1.5
T0578,28/03/2025,14:19,Chocojar(Matcha),Zulkifli Omar,OnlineBanking,https://photos.app.goo.gl.com/T0076,6.5,8,1.5
T0579,28/03/2025,18:34,Chocojar(Chocolate),Siti Latif,Cash,N/A,6.5,8,1.5
T0580,28/03/2025,18:31,Chocojar(Matcha),Faiz Hassan,OnlineBanking,https://photos.app.goo.gl.com/T0123,6.5,8,1.5
T0581,28/03/2025,21:43,Chocojar(Vanilla),Ahmad Yusof,Cash,N/A,6.5,8,1.5
T0582,28/03/2025,09:31,Chocojar(Chocolate),Siti Yusof,Cash,N/A,6.5,8,1.5
T0583,28/03/2025,20:35,Chocojar(Strawberry),Zulkifli Hassan,OnlineBanking,https://photos.app.goo.gl.com/T0186,6.5,8,1.5
T0584,28/03/2025,15:51,Chocojar(Strawberry),Zara Hassan,Cash,N/A,6.5,8,1.5
T0585,28/03/2025,17:58,Chocojar(Matcha),Zulkifli Omar,OnlineBanking,https://photos.app.goo.gl.com/T0207,6.5,8,1.5
T0586,28/03/2025,20:57,Chocojar(Chocolate),Hafiz Ismail,Cash,N/A,6.5,8,1.5
T0587,28/03/2025,21:40,Chocojar(Strawberry),Ali Omar,OnlineBanking,https://photos.app.goo.gl.com/T0253,6.5,8,1.5
T0588,28/03/2025,20:16,Chocojar(Chocolate),Hafiz Zainal,OnlineBanking,https://photos.app.goo.gl.com/T0267,6.5,8,1.5
T0589,28/03/2025,09:04,Chocojar(Strawberry),Liyana Aziz,OnlineBanking,https://photos.app.goo.gl.com/T0280,6.5,8,1.5
T0590,28/03/2025,19:46,Chocojar(Chocolate),Siti Hassan,Cash,N/A,6.5,8,1.5
T0591,28/03/2025,19:42,Chocojar(Vanilla),Siti Zainal,OnlineBanking,https://photos.app.goo.gl.com/T0340,6.5,8,1.5
T0592,28/03/2025,15:03,Chocojar(Vanilla),Aina Salleh,OnlineBanking,https://photos.app.goo.gl.com/T0429,6.5,8,1.5
T0593,28/03/2025,11:04,Chocojar(Blueberry),Ali Zainal,OnlineBanking,https://photos.app.goo.gl.com/T0442,6.5,8,1.5
T0594,28/03/2025,20:28,Chocojar(Strawberry),Ali Salleh,Cash,N/A,6.5,8,1.5
T0595,28/03/2025,11:48,Chocojar(Blueberry),Siti Abdullah,OnlineBanking,https://photos.app.goo.gl.com/T0502,6.5,8,1.5
T0596,28/03/2025,19:37,Chocojar(Blueberry),Zulkifli Omar,Cash,N/A,6.5,8,1.5
T0597,29/03/2025,12:53,Chocojar(Chocolate),Ali Yusof,Cash,N/A,6.5,8,1.5
T0598,29/03/2025,12:50,Chocojar(Blueberry),Faiz Abdullah,OnlineBanking,https://photos.app.goo.gl.com/T0024,6.5,8,1.5
T0599,29/03/2025,17:53,Chocojar(Strawberry),Siti Salleh,Cash,N/A,6.5,8,1.5
T0600,29/03/2025,14:03,Chocojar(Blueberry),Aina Yusof,Cash,N/A,6.5,8,1.5
T0601,29/03/2025,10:33,Chocojar(Blueberry),Zulkifli Hassan,OnlineBanking,https://photos.app.goo.gl.com/T0057,6.5,8,1.5
T0602,29/03/2025,22:23,Chocojar(Chocolate),Zulkifli Rahman,Cash,N/A,6.5,8,1.5
T0603,29/03/2025,10:39,Chocojar(Vanilla),Siti Salleh,OnlineBanking,https://photos.app.goo.gl.com/T0273,6.5,8,1.5
T0604,29/03/2025,12:02,Chocojar(Chocolate),Nur Omar,OnlineBanking,https://photos.app.goo.gl.com/T0310,6.5,8,1.5
T0605,29/03/2025,18:22,Chocojar(Chocolate),Zara Omar,Cash,N/A,6.5,8,1.5
T0606,29/03/2025,10:46,Chocojar(Chocolate),Aina Ismail,Cash,N/A,6.5,8,1.5
T0607,29/03/2025,11:33,Chocojar(Chocolate),Faiz Ismail,Cash,N/A,6.5,8,1.5
T0608,29/03/2025,19:16,Chocojar(Vanilla),Faiz Omar,OnlineBanking,https://photos.app.goo.gl.com/T0404,6.5,8,1.5
T0609,29/03/2025,19:22,Chocojar(Chocolate),Nur Latif,Cash,N/A,6.5,8,1.5
T0610,29/03/2025,09:48,Chocojar(Strawberry),Hafiz Latif,Cash,N/A,6.5,8,1.5
T0611,29/03/2025,13:41,Chocojar(Vanilla),Liyana Latif,OnlineBanking,https://photos.app.goo.gl.com/T0497,6.5,8,1.5
T0612,29/03/2025,10:56,Chocojar(Chocolate),Nur Rahman,Cash,N/A,6.5,8,1.5
T0613,29/03/2025,18:53,Chocojar(Vanilla),Ahmad Zainal,OnlineBanking,https://photos.app.goo.gl.com/T0590,6.5,8,1.5
T0614,29/03/2025,18:44,Chocojar(Vanilla),Siti Hassan,Cash,N/A,6.5,8,1.5
T0615,29/03/2025,20:17,Chocojar(Chocolate),Ali Salleh,OnlineBanking,https://photos.app.goo.gl.com/T0613,6.5,8,1.5
T0616,29/03/2025,15:07,Chocojar(Matcha),Aina Salleh,Cash,N/A,6.5,8,1.5
T0617,29/03/2025,14:29,Chocojar(Blueberry),Liyana Aziz,Cash,N/A,6.5,8,1.5
T0618,29/03/2025,09:54,Chocojar(Blueberry),Siti Zainal,Cash,N/A,6.5,8,1.5
T0619,30/03/2025,12:31,Chocojar(Strawberry),Zara Omar,OnlineBanking,https://photos.app.goo.gl.com/T0009,6.5,8,1.5
T0620,30/03/2025,10:09,Chocojar(Vanilla),Ali Zainal,OnlineBanking,https://photos.app.goo.gl.com/T0014,6.5,8,1.5
T0621,30/03/2025,10:13,Chocojar(Matcha),Nur Omar,OnlineBanking,https://photos.app.goo.gl.com/T0121,6.5,8,1.5
T0622,30/03/2025,17:57,Chocojar(Vanilla),Siti Salleh,Cash,N/A,6.5,8,1.5
T0623,30/03/2025,09:14,Chocojar(Vanilla),Nur Omar,Cash,N/A,6.5,8,1.5
T0624,30/03/2025,14:00,Chocojar(Strawberry),Siti Omar,Cash,N/A,6.5,8,1.5
T0625,30/03/2025,22:55,Chocojar(Matcha),Liyana Zainal,OnlineBanking,https://photos.app.goo.gl.com/T0208,6.5,8,1.5
T0626,30/03/2025,22:05,Chocojar(Chocolate),Ali Zainal,OnlineBanking,https://photos.app.goo.gl.com/T0248,6.5,8,1.5
T0627,30/03/2025,17:14,Chocojar(Vanilla),Siti Abdullah,OnlineBanking,https://photos.app.goo.gl.com/T0302,6.5,8,1.5
T0628,30/03/2025,19:48,Chocojar(Vanilla),Ahmad Latif,Cash,N/A,6.5,8,1.5
T0629,30/03/2025,21:43,Chocojar(Vanilla),Siti Latif,OnlineBanking,https://photos.app.goo.gl.com/T0320,6.5,8,1.5
T0630,30/03/2025,13:55,Chocojar(Vanilla),Ali Aziz,OnlineBanking,https://photos.app.goo.gl.com/T0368,6.5,8,1.5
T0631,30/03/2025,16:42,Chocojar(Blueberry),Zulkifli Ismail,OnlineBanking,https://photos.app.goo.gl.com/T0403,6.5,8,1.5
T0632,30/03/2025,18:52,Chocojar(Strawberry),Faiz Yusof,Cash,N/A,6.5,8,1.5
T0633,30/03/2025,09:26,Chocojar(Blueberry),Nur Rahman,OnlineBanking,https://photos.app.goo.gl.com/T0473,6.5,8,1.5
T0634,30/03/2025,10:50,Chocojar(Matcha),Zulkifli Salleh,OnlineBanking,https://photos.app.goo.gl.com/T0484,6.5,8,1.5
T0635,30/03/2025,10:52,Chocojar(Matcha),Ahmad Yusof,OnlineBanking,https://photos.app.goo.gl.com/T0525,6.5,8,1.5
T0636,30/03/2025,18:43,Chocojar(Matcha),Nur Ismail,Cash,N/A,6.5,8,1.5
T0637,31/03/2025,19:49,Chocojar(Blueberry),Nur Rahman,Cash,N/A,6.5,8,1.5
T0638,31/03/2025,18:11,Chocojar(Chocolate),Liyana Salleh,OnlineBanking,https://photos.app.goo.gl.com/T0025,6.5,8,1.5
T0639,31/03/2025,19:56,Chocojar(Chocolate),Zulkifli Hassan,OnlineBanking,https://photos.app.goo.gl.com/T0078,6.5,8,1.5
T0640,31/03/2025,13:11,Chocojar(Matcha),Zulkifli Aziz,Cash,N/A,6.5,8,1.5
T0641,31/03/2025,17:50,Chocojar(Vanilla),Ahmad Aziz,Cash,N/A,6.5,8,1.5
T0642,31/03/2025,11:56,Chocojar(Matcha),Hafiz Latif,Cash,N/A,6.5,8,1.5
T0643,31/03/2025,20:22,Chocojar(Chocolate),Nur Salleh,OnlineBanking,https://photos.app.goo.gl.com/T0177,6.5,8,1.5
T0644,31/03/2025,10:12,Chocojar(Chocolate),Ali Aziz,Cash,N/A,6.5,8,1.5
T0645,31/03/2025,19:12,Chocojar(Strawberry),Zara Hassan,OnlineBanking,https://photos.app.goo.gl.com/T0247,6.5,8,1.5
T0646,31/03/2025,20:27,Chocojar(Blueberry),Ahmad Omar,OnlineBanking,https://photos.app.goo.gl.com/T0282,6.5,8,1.5
T0647,31/03/2025,20:17,Chocojar(Vanilla),Zara Zainal,OnlineBanking,https://photos.app.goo.gl.com/T0295,6.5,8,1.5
T0648,31/03/2025,18:36,Chocojar(Chocolate),Ali Latif,Cash,N/A,6.5,8,1.5
T0649,31/03/2025,12:21,Chocojar(Blueberry),Hafiz Abdullah,Cash,N/A,6.5,8,1.5
T0650,31/03/2025,21:11,Chocojar(Vanilla),Zulkifli Abdullah,Cash,N/A,6.5,8,1.5
T0651,31/03/2025,17:35,Chocojar(Vanilla),Faiz Hassan,Cash,N/A,6.5,8,1.5
T0652,31/03/2025,09:17,Chocojar(Chocolate),Nur Omar,OnlineBanking,https://photos.app.goo.gl.com/T0451,6.5,8,1.5
T0653,31/03/2025,08:36,Chocojar(Strawberry),Ali Latif,Cash,N/A,6.5,8,1.5
T0654,31/03/2025,11:51,Chocojar(Matcha),Hafiz Zainal,Cash,N/A,6.5,8,1.5
T0655,31/03/2025,11:20,Chocojar(Vanilla),Zara Aziz,Cash,N/A,6.5,8,1.5
T0656,31/03/2025,13:18,Chocojar(Vanilla),Liyana Salleh,Cash,N/A,6.5,8,1.5
T0657,31/03/2025,17:35,Chocojar(Strawberry),Liyana Zainal,Cash,N/A,6.5,8,1.5
